,City,Lat,Lng,Max Temp,Humidity,Cloudiness,Wind Speed,Country,Date
0,Ushuaia,-54.8,-68.3,31.66,86,90,13.8,AR,1628321961
2,Fairlie,55.756,-4.8556,62.11,92,100,7.31,GB,1628321961
3,Arraial do Cabo,-22.9661,-42.0278,66.11,77,100,11.36,BR,1628321962
4,Tura,25.5198,90.2201,78.42,95,100,5.5,IN,1628321962
5,Bahār,34.9072,48.4414,86.16,21,20,4.61,IR,1628321963
6,Lebu,-37.6167,-73.65,48.2,89,56,13.04,CL,1628321675
7,Torrington,41.8007,-73.1212,70.09,91,96,3.44,US,1628321456
9,Albany,42.6001,-73.9662,68.67,88,100,2.53,US,1628321835
10,Namatanai,-3.6667,152.4333,80.28,82,29,9.48,PG,1628321938
11,Hilo,19.7297,-155.09,74.25,94,90,5.75,US,1628321888
12,Barrow,71.2906,-156.7887,35.62,80,90,9.22,US,1628321964
13,New Norfolk,-42.7826,147.0587,45.9,73,5,1.99,AU,1628321965
14,Puerto Ayora,-0.7393,-90.3518,69.55,88,100,7,EC,1628321965
15,Hermanus,-34.4187,19.2345,58.42,67,98,2.77,ZA,1628321965
16,Avarua,-21.2078,-159.775,77.05,78,20,13.8,CK,1628321966
17,Grindavik,63.8424,-22.4338,52.27,93,75,0,IS,1628321966
20,Carauari,-4.8828,-66.8958,75.54,71,78,0.72,BR,1628321967
22,Ust-Tsilma,65.441,52.1498,60.28,54,71,6.76,RU,1628321967
23,Kruisfontein,-34.0033,24.7314,59.38,68,54,3.8,ZA,1628321968
25,Carnarvon,-24.8667,113.6333,77.07,71,90,23.02,AU,1628321968
26,Korla,41.7597,86.1469,93.51,16,1,11.54,CN,1628321969
27,Hobart,-42.8794,147.3294,46.26,68,40,12.66,AU,1628321732
28,Yenagoa,4.9247,6.2642,78.78,82,100,6.87,NG,1628321969
29,Saint-François,46.4154,3.9054,61.18,100,100,2.3,FR,1628321970
30,Kapaa,22.0752,-159.319,80.92,72,75,1.99,US,1628321970
31,Maniitsoq,65.4167,-52.9,42.24,91,100,17.49,GL,1628321970
32,Port Elizabeth,-33.918,25.5701,59.29,82,0,5.75,ZA,1628321807
33,Mehamn,71.0357,27.8492,63.36,60,100,6.51,NO,1628321971
34,San Rafael,-34.6177,-68.3301,52.25,44,0,11.86,AR,1628321971
35,Lakki,32.6079,70.9114,99.75,36,5,2.48,PK,1628321972
36,Rikitea,-23.1203,-134.9692,74.43,79,7,6.96,PF,1628321972
37,Mataura,-46.1927,168.8643,38.48,97,100,2.66,NZ,1628321972
38,São Filipe,14.8961,-24.4956,77.22,82,100,8.86,CV,1628321973
39,Ancud,-41.8697,-73.8203,41.23,76,8,7.87,CL,1628321973
40,Hong Kong,22.2855,114.1577,89.58,81,100,1.01,HK,1628321887
41,Wuwei,37.9281,102.6414,87.08,17,100,19.26,CN,1628321974
42,Punta Arenas,-53.15,-70.9167,32.11,86,40,13.8,CL,1628321974
43,Lorengau,-2.0226,147.2712,80.42,81,99,7.49,PG,1628321975
44,Bredasdorp,-34.5322,20.0403,49.32,93,100,5.75,ZA,1628321975
45,Esperance,-33.8667,121.9,73.24,54,0,11.3,AU,1628321677
46,Terekli-Mekteb,44.1671,45.8698,103.64,15,0,24.27,RU,1628321976
47,Castro,-24.7911,-50.0119,53.76,96,99,6.73,BR,1628321976
48,Tuktoyaktuk,69.4541,-133.0374,40.51,83,100,14.05,CA,1628321976
49,Thompson,55.7435,-97.8558,55.56,88,20,0,CA,1628321977
50,Severo-Kuril'sk,50.6789,156.125,54.61,78,100,9.28,RU,1628321977
51,Pisco,-13.7,-76.2167,60.85,82,90,3.44,PE,1628321977
52,Dogondoutchi,13.6393,4.0287,83.66,63,80,16.26,NE,1628321978
53,Torbay,47.6666,-52.7314,70.57,93,90,21.85,CA,1628321731
54,Isangel,-19.55,169.2667,69.66,73,13,8.59,VU,1628321978
55,Waingapu,-9.6567,120.2641,82.65,54,100,19.35,ID,1628321979
56,Lakes Entrance,-37.8811,147.981,56.17,71,92,13.53,AU,1628321979
57,Ponta do Sol,32.6667,-17.1,73,79,23,2.89,PT,1628321979
58,San Alberto,7.7611,-73.3922,73.11,88,98,3.62,CO,1628321980
59,Portales,34.1862,-103.3344,75.02,46,57,13.44,US,1628321980
60,Upernavik,72.7868,-56.1549,40.48,93,100,10.33,GL,1628321981
61,Olinda,-8.0089,-34.8553,71.33,94,40,6.91,BR,1628321981
62,Airai,-8.9266,125.4092,67.8,52,93,4.18,TL,1628321939
63,Hithadhoo,-0.6,73.0833,82.11,67,91,3.83,MV,1628321981
64,Alice Springs,-23.7,133.8833,67.55,19,0,14.97,AU,1628321982
65,Bilibino,68.0546,166.4372,57.36,47,1,12.77,RU,1628321982
66,Flin Flon,54.7682,-101.865,55.72,87,39,8.12,CA,1628321983
68,Andenes,69.3143,16.1194,64.47,77,75,6.91,NO,1628321983
69,Williston,48.147,-103.618,73.04,68,100,3,US,1628321983
70,Boa Vista,2.8197,-60.6733,75.18,94,0,3.44,BR,1628321984
72,Yacuiba,-22.038,-63.6797,60.13,54,0,3.8,BO,1628321984
73,Santa Rosa,14.3122,121.1114,89.85,65,56,15.08,PH,1628321985
76,Hobyo,5.3505,48.5268,83.17,57,91,24.85,SO,1628321985
77,Basoko,1.2391,23.616,74.79,86,100,5.06,CD,1628321986
78,Channarāyapatna,12.9044,76.3917,79.47,65,85,14.27,IN,1628321986
79,Katsuura,35.1333,140.3,84.31,88,100,9.57,JP,1628321938
80,Khatanga,71.9667,102.5,63.32,42,100,9.73,RU,1628321987
82,Aklavik,68.2191,-135.0107,40.03,82,100,9.57,CA,1628321987
83,Lumsden,50.6501,-104.8678,74.37,69,82,11.61,CA,1628321988
84,Salalah,17.0151,54.0924,77.09,100,90,10.36,OM,1628321988
85,Cadillac,44.2519,-85.4012,69.03,94,1,6.91,US,1628321988
87,Deputatsky,69.3,139.9,62.01,42,5,7.43,RU,1628321989
88,Husavik,66.0449,-17.3389,53.51,74,30,1.23,IS,1628321989
91,Tibiri,13.5627,7.0485,80.94,78,0,11.5,NE,1628321990
92,At-Bashi,41.1702,75.8106,73.15,34,85,4.97,KG,1628321990
93,Boende,-0.2167,20.8667,86.09,52,55,5.5,CD,1628321991
94,Portland,45.5234,-122.6762,68.61,81,40,4,US,1628321513
95,Nikolskoye,59.7035,30.7861,61.02,90,100,11.14,RU,1628321991
96,Krasnosel'kup,65.7,82.4667,81.28,39,6,1.61,RU,1628321931
98,San Policarpo,12.1791,125.5072,86.97,66,95,6.08,PH,1628321992
99,Pevek,69.7008,170.3133,44.55,73,0,10.33,RU,1628321992
100,Mungwi,-10.1732,31.3694,74.07,33,3,8.19,ZM,1628321993
101,Ust-Maya,60.4167,134.5333,71.69,38,0,10.94,RU,1628321993
102,Santa Isabel Rio Negro,-0.4139,-65.0192,70.27,98,55,0.81,BR,1628321993
103,Okha,53.5739,142.9478,56.52,73,54,16.02,RU,1628321994
104,Hualmay,-11.0964,-77.6139,61.38,88,46,11.07,PE,1628321994
105,Pozo Colorado,-23.4923,-58.7972,63.43,43,0,6.29,PY,1628321994
106,Ust'-Ishim,57.6935,71.1665,72.84,63,97,6.82,RU,1628321995
107,Khromtau,50.2503,58.4347,78.76,32,51,11.95,KZ,1628321995
108,Talnakh,69.4865,88.3972,82.04,38,68,11.16,RU,1628321996
109,Richards Bay,-28.783,32.0377,70.2,60,0,6.8,ZA,1628321996
110,Podosinovets,60.2776,47.0659,65.97,51,100,7.87,RU,1628321996
111,Cape Town,-33.9258,18.4232,46.81,100,90,1.14,ZA,1628321712
112,Qaanaaq,77.484,-69.3632,37.18,76,38,7.18,GL,1628321997
113,Henties Bay,-22.116,14.2845,62.55,61,0,6.22,NA,1628321997
114,Hambantota,6.1241,81.1185,89.94,66,75,16.11,LK,1628321998
115,Yellowknife,62.456,-114.3525,63.12,72,75,4.61,CA,1628321883
116,Atuona,-9.8,-139.0333,78.1,81,54,20.69,PF,1628321998
117,Wanaka,-44.7,169.15,34.5,85,31,4.76,NZ,1628321998
118,Siverek,37.755,39.3167,92.01,18,11,6.93,TR,1628321999
119,Fairbanks,64.8378,-147.7164,65.1,86,90,0,US,1628321752
120,Mahébourg,-20.4081,57.7,75.49,60,75,11.5,MU,1628321999
122,Coquimbo,-29.9533,-71.3436,53.33,93,90,2.3,CL,1628322000
123,Vaini,-21.2,-175.2,68.16,83,20,8.05,TO,1628322000
125,Chokurdakh,70.6333,147.9167,62.1,58,39,9.13,RU,1628322001
126,Ankpa,7.3706,7.6253,72.34,94,100,6.93,NG,1628322002
127,Moctezuma,29.8,-109.6667,77.16,78,53,1.39,MX,1628322003
128,La Cañada Flintridge,34.1992,-118.1879,71.35,78,20,8.05,US,1628322003
129,Butaritari,3.0707,172.7902,83.32,69,10,7.36,KI,1628322004
130,Muncar,-8.4333,114.3333,84.69,67,8,8.86,ID,1628322004
131,Busselton,-33.65,115.3333,64.09,85,100,22.62,AU,1628322004
132,Narsaq,60.9167,-46.05,44.82,57,100,4.74,GL,1628322005
133,Sakakah,29.9697,40.2064,96.37,15,3,3.85,SA,1628322005
134,Ilulissat,69.2167,-51.1,44.62,70,100,6.91,GL,1628322005
135,Conway,35.0887,-92.4421,73.78,84,90,0,US,1628321791
136,Half Moon Bay,37.4636,-122.4286,67.32,88,20,11.5,US,1628322006
137,Sangar,63.9242,127.4739,74.82,30,18,17.43,RU,1628322006
138,Tasiilaq,65.6145,-37.6368,42.96,93,100,3.31,GL,1628322007
139,Nome,64.5011,-165.4064,46.47,87,90,11.5,US,1628322007
140,Kāmākhyānagar,20.9333,85.55,91.35,58,98,8.3,IN,1628322007
141,San Patricio,28.017,-97.5169,84.09,83,12,9.22,US,1628322008
142,Mürzzuschlag,47.6,15.6833,68.68,61,77,4.36,AT,1628322008
143,Buraidah,26.326,43.975,102.65,9,17,8.95,SA,1628321944
144,Provideniya,64.3833,-173.3,45.59,82,100,5.23,RU,1628322009
145,Buala,-8.145,159.5921,80.35,73,99,3.18,SB,1628322009
146,Bluff,-46.6,168.3333,38.8,64,95,9.24,NZ,1628322010
147,Saint-Philippe,-21.3585,55.7679,76.59,67,27,11.21,RE,1628322010
148,Meïganga,6.5167,14.3,65.44,99,100,4.52,CM,1628322010
149,Abu Samrah,35.3029,37.1841,95.11,19,0,12.21,SY,1628322011
150,Naze,28.3667,129.4833,77.92,89,100,9.91,JP,1628321937
151,Port Alfred,-33.5906,26.891,61.95,68,2,3.11,ZA,1628322011
152,Harper,4.375,-7.7169,78.06,73,84,7.16,LR,1628322012
153,Deniliquin,-35.5333,144.9667,55,59,100,5.44,AU,1628322012
154,Penzance,50.1186,-5.5371,59.07,94,75,26.46,GB,1628322012
155,Kamaishi,39.2667,141.8833,88.75,83,6,8.61,JP,1628322013
156,Solnechnyy,50.7214,136.6319,54.19,95,100,7.96,RU,1628322013
158,Poum,-20.2333,164.0167,71.28,67,100,14.18,NC,1628322014
159,Mayo,38.8876,-76.5119,72.9,91,1,0,US,1628321817
160,Parabel',58.6978,81.4825,78.22,53,94,6.29,RU,1628322014
161,Verkh-Suetka,53.3,80.05,82,33,43,8.03,RU,1628322015
162,São João da Barra,-21.6403,-41.0511,65.5,80,98,4.92,BR,1628322015
163,Norman Wells,65.282,-126.8329,46.44,81,90,13.8,CA,1628322016
164,Aswān,24.0934,32.907,99.7,34,0,11.5,EG,1628321939
166,Saint Paul Harbor,57.79,-152.4072,54.19,87,89,1.52,US,1628322016
167,Jamestown,42.097,-79.2353,69.71,95,1,1.01,US,1628322017
168,Cayenne,4.9333,-52.3333,76.08,89,90,0,GF,1628321928
169,Fortuna,40.5982,-124.1573,63.93,74,90,1.01,US,1628322017
170,Maltahöhe,-24.8333,16.9833,66.99,14,11,5.39,NA,1628322018
171,Samarai,-10.6167,150.6667,77.18,86,99,14.88,PG,1628322018
172,Kavieng,-2.5744,150.7967,83.26,74,39,15.1,PG,1628322018
173,Viedma,-40.8135,-62.9967,52.29,63,100,9.48,AR,1628322019
174,Djambala,-2.5447,14.7533,76.89,61,89,7.23,CG,1628322019
175,Chui,-33.6971,-53.4616,54.23,93,0,6.6,UY,1628322019
176,Morristown,36.214,-83.2949,70.9,58,100,2.08,US,1628322020
177,Vao,-22.6667,167.4833,68,59,100,12.15,NC,1628322020
179,Magaria,12.9983,8.9099,83.73,59,25,16.33,NE,1628321878
180,Arys,42.4252,68.795,100.62,10,0,4.41,KZ,1628321894
181,Pangkalanbuun,-2.6833,111.6167,91.17,55,72,4.83,ID,1628321824
183,Bambous Virieux,-20.3428,57.7575,75.45,60,75,11.5,MU,1628321937
184,Yaan,7.3833,8.5667,73.72,92,100,7.2,NG,1628322022
185,Mashhad,36.297,59.6062,95.14,23,40,11.5,IR,1628322022
186,Cherskiy,68.75,161.3,64.15,51,86,5.99,RU,1628321925
187,Mar del Plata,-38.0023,-57.5575,51.82,100,90,9.22,AR,1628322023
188,Constantine,36.365,6.6147,81.81,39,0,2.3,DZ,1628322023
189,Uch,45.3192,-0.9345,67.55,83,6,15.66,FR,1628322023
190,Aizkraukle,56.6048,25.2553,64.89,95,100,6.6,LV,1628322024
191,Camacha,33.0833,-16.3333,69.53,94,75,11.5,PT,1628322024
192,Saint George,37.1041,-113.5841,84.94,12,1,5.01,US,1628322024
193,Fethiye,36.6217,29.1164,89.47,30,0,6.64,TR,1628322025
194,Mirny,62.5353,113.9611,76.57,33,99,6.64,RU,1628322025
195,Rāy,23.6833,85.05,81.37,57,94,5.12,IN,1628322026
196,Dikson,73.5069,80.5464,47.55,74,15,11.81,RU,1628322026
197,Shahrud,36.4182,54.9763,86.49,15,2,4.38,IR,1628322026
198,Chapais,49.7834,-74.8492,53.38,97,100,7.92,CA,1628322027
199,Njombe,-9.3333,34.7667,64.8,47,8,8.46,TZ,1628322027
200,Champerico,14.3,-91.9167,82.35,85,100,7.25,GT,1628322027
201,Shaoyang,27.2315,111.4525,91.13,59,93,3.6,CN,1628322028
202,General Pico,-35.6566,-63.7568,51.51,72,99,2.98,AR,1628322028
203,Dahra,36.2546,0.8519,76.39,25,3,9.93,DZ,1628322029
204,Coruripe,-10.1256,-36.1756,71.37,84,63,13.87,BR,1628322029
205,Odienné,9.51,-7.5692,70.99,84,100,3.71,CI,1628322029
206,Ludvika,60.1496,15.1878,64.6,55,100,10.74,SE,1628322030
207,Leningradskiy,69.3833,178.4167,37.58,90,100,6.6,RU,1628322030
208,Turukhansk,65.8167,87.9833,81.95,35,11,3.69,RU,1628321947
210,Pemba,-12.974,40.5178,77.7,73,40,2.3,MZ,1628322031
211,Dunda,-8.1167,34.25,76.78,38,36,8.28,TZ,1628322031
212,Port Lincoln,-34.7333,135.8667,56.34,68,100,4.61,AU,1628322032
213,Manokwari,-0.8667,134.0833,81.05,80,100,2.57,ID,1628322032
215,Kahului,20.8947,-156.47,77.02,85,40,17.27,US,1628321826
216,Kaitangata,-46.2817,169.8464,37.63,88,58,6.33,NZ,1628322033
217,Chaparral,3.7232,-75.4832,67.87,64,16,4.16,CO,1628322033
218,Banjarmasin,-3.3244,114.591,95.14,46,65,5.35,ID,1628322033
219,Locri,38.2414,16.2623,88.56,41,5,4.34,IT,1628322034
220,Rocky Mountain House,52.3668,-114.9188,58.75,94,93,3.44,CA,1628321820
221,Padang,-0.9492,100.3543,86.05,74,74,4.97,ID,1628321943
223,Fare,-16.7,-151.0167,78.44,69,48,9.13,PF,1628322035
224,Cabo San Lucas,22.8909,-109.9124,83.52,79,67,1.01,MX,1628322035
225,Ostrovnoy,68.0531,39.5131,59.77,71,12,5.66,RU,1628322036
226,Saldanha,-33.0117,17.9442,44.65,67,63,4.41,ZA,1628321760
227,Tuatapere,-46.1333,167.6833,38.82,89,100,4.5,NZ,1628322036
228,Rocha,-34.4833,-54.3333,55.13,96,56,6.02,UY,1628322036
229,Saint-Pierre,-21.3393,55.4781,76.68,59,0,10.36,RE,1628322037
230,Kirovskiy,45.0917,133.5136,72.43,94,100,1.19,RU,1628322037
231,Fuerte Olimpo,-21.0415,-57.8738,65.34,36,0,4.99,PY,1628322038
232,Cairns,-16.9167,145.7667,73.35,64,75,11.5,AU,1628322038
233,Panabá,21.2833,-88.2667,73.56,96,1,5.95,MX,1628322038
234,Pāsighāt,28.0667,95.3333,89.67,70,99,4.74,IN,1628322039
235,Souillac,-20.5167,57.5167,75.58,60,75,11.5,MU,1628322039
236,Bathsheba,13.2167,-59.5167,79.41,78,40,11.5,BB,1628322039
237,Xai-Xai,-25.0519,33.6442,74.59,68,17,10.92,MZ,1628322040
238,Knysna,-34.0363,23.0471,59.38,53,83,2.39,ZA,1628322040
239,Rio Negrinho,-26.2544,-49.5183,57.2,98,100,3.18,BR,1628321927
240,Tezu,27.9167,96.1667,86.59,90,98,2.46,IN,1628322041
241,Florianópolis,-27.6146,-48.5012,63.63,77,75,10.36,BR,1628322041
242,Imeni Poliny Osipenko,52.4201,136.4853,53.83,96,100,10.22,RU,1628322042
243,Port Macquarie,-31.4333,152.9167,58.96,82,0,2.71,AU,1628321840
244,Tocopilla,-22.092,-70.1979,58.17,70,20,3.53,CL,1628322015
245,Chanute,37.6792,-95.4572,75.51,78,1,8.05,US,1628322029
246,Tarakan,3.3,117.6333,89.1,62,40,5.75,ID,1628322043
247,Sulangan,11.1373,123.7228,86.43,67,99,1.05,PH,1628322043
249,Grand-Santi,4.25,-54.3833,71.2,100,97,0.92,GF,1628322044
250,Nanortalik,60.1432,-45.2371,45.45,78,100,0.81,GL,1628322074
251,Sitka,57.0531,-135.33,60.69,77,90,4.61,US,1628322074
252,São Félix do Xingu,-6.6447,-51.995,66.61,52,36,2.04,BR,1628322075
253,Port Blair,11.6667,92.75,82.44,83,90,6.91,IN,1628321830
254,Nakhon Phanom,17.3333,104.4167,92.88,60,100,9.66,TH,1628322075
255,Ambanja,-13.6833,48.45,78.73,53,23,5.06,MG,1628322076
256,Visnes,59.3556,5.2242,67.57,67,40,14.97,NO,1628322076
257,Gravdal,68.1214,13.5031,67.89,60,0,2.3,NO,1628322076
258,Hoi An,15.8794,108.335,98.56,59,100,10.54,VN,1628322077
259,Şuraabad,40.8192,49.4687,98.78,34,0,17.09,AZ,1628322077
260,Tirat Carmel,32.7617,34.9719,93.96,31,0,6.91,IL,1628322078
261,Mungaoli,24.4167,78.1,84.25,76,96,7.72,IN,1628322078
262,Sambava,-14.2667,50.1667,75.54,66,4,13.02,MG,1628322078
264,Nuevo Progreso,23.1667,-97.95,80.6,82,24,1.01,MX,1628322079
265,Zhigansk,66.7697,123.3711,75.94,33,100,10.49,RU,1628322079
266,Yashkul',46.1711,45.3435,98.28,20,5,22.28,RU,1628322080
267,Port Keats,-14.25,129.55,86.16,20,10,7.74,AU,1628322080
268,Byron Bay,-28.65,153.6167,66.31,63,0,9.64,AU,1628321944
269,Laas,46.6166,10.7002,63.36,80,81,6.13,IT,1628322081
270,Iqaluit,63.7506,-68.5145,40.73,87,90,4.61,CA,1628322081
271,Damphu,27.0721,90.1096,78.55,87,85,3.65,BT,1628322081
272,George Town,5.4112,100.3354,89.55,72,20,11.5,MY,1628321885
273,Jalu,29.0331,21.5482,98.04,11,0,6.73,LY,1628322082
274,Phayao,19.25,100.25,80.65,90,91,4.76,TH,1628322082
275,Marystown,47.1666,-55.1483,65.88,96,100,16.51,CA,1628322083
276,Dakar,14.6937,-17.4441,80.73,83,40,9.22,SN,1628321902
277,Geraldton,-28.7667,114.6,72.01,56,75,13.8,AU,1628322083
278,Bengkulu,-3.8004,102.2655,84.85,72,38,6.69,ID,1628322084
280,Maragogi,-9.0122,-35.2225,72.75,82,28,15.05,BR,1628322084
282,Miles City,46.4083,-105.8406,70.52,60,1,6.91,US,1628322085
283,East London,-33.0153,27.9116,59.94,72,0,6.91,ZA,1628322085
284,Thio,-21.6167,166.2167,66.16,69,100,8.52,NC,1628322085
285,Saskylakh,71.9167,114.0833,53.76,64,94,2.93,RU,1628322086
286,Rosendal,59.9867,6.0135,68.29,57,100,11.7,NO,1628322086
287,Severnoye,56.3491,78.3619,74.79,66,26,1.25,RU,1628322087
288,Novosheshminsk,55.0651,51.2338,64.35,57,99,6.73,RU,1628322087
289,Damietta,31.4165,31.8133,91.29,53,0,10.58,EG,1628322087
290,Karlstad,59.3793,13.5036,63.16,72,100,5.75,SE,1628322088
291,Laguna,38.421,-121.4238,78.85,55,90,6.91,US,1628321920
292,Umluj,25.0213,37.2685,97.54,33,56,7.87,SA,1628322088
293,San Ramon,37.7799,-121.978,68.58,75,1,3.44,US,1628321934
294,Mayfield,36.7417,-88.6367,71.92,97,1,4.76,US,1628322089
295,Klaksvík,62.2266,-6.589,59.92,90,100,17.96,FO,1628321932
296,Asău,46.4333,26.4,74.39,53,0,2.19,RO,1628322089
297,Hasaki,35.7333,140.8333,82.8,83,100,8.79,JP,1628322090
298,Sexsmith,55.35,-118.786,54.57,62,40,11.5,CA,1628322090
299,Ribeira Grande,38.5167,-28.7,70.2,64,40,6.91,PT,1628322090
300,Labuhan,-6.8844,112.2051,84.9,69,42,14.7,ID,1628322091
301,Māngrol,21.1167,70.1167,84.85,73,96,12.66,IN,1628322091
302,Rome,43.2128,-75.4557,71.46,92,20,4.61,US,1628322092
303,Blackwater,-23.5833,148.8833,62.44,32,0,5.93,AU,1628322092
304,Nísia Floresta,-6.0911,-35.2086,72.41,92,72,10.45,BR,1628322092
305,Pangnirtung,66.1451,-65.7125,38.61,97,100,2.35,CA,1628322093
306,Ust'-Donetskiy,47.6419,40.8718,91.89,20,100,17.02,RU,1628322093
307,Los Llanos de Aridane,28.6585,-17.9182,67.75,96,75,13.8,ES,1628322093
308,Pitanga,-24.7572,-51.7614,55.62,85,99,4.94,BR,1628322094
309,Semey,50.4111,80.2275,80.82,34,76,4.47,KZ,1628322094
310,Avera,33.194,-82.5271,75.7,99,80,2.98,US,1628322095
311,Ternate,0.8,127.4,82.24,75,99,8.9,ID,1628322095
312,Opuwo,-18.0607,13.84,72.9,19,0,11.65,NA,1628322095
313,Bud,39.447,-86.1758,70.92,86,98,6.31,US,1628322096
314,Ola,59.5833,151.2833,61.57,64,71,4,RU,1628322096
315,Fort Nelson,58.8053,-122.7002,56.79,94,90,9.22,CA,1628321944
316,Kumul,42.8,93.45,94.35,12,2,22.41,CN,1628322097
317,Ambovombe,-25.1667,46.0833,76.19,44,43,4.07,MG,1628322097
318,Jatai,-17.8814,-51.7144,61.14,61,94,4.47,BR,1628322097
319,Clyde River,70.4692,-68.5914,35.83,93,90,12.66,CA,1628322098
320,Iranshahr,27.2025,60.6848,107.94,15,0,4.61,IR,1628322098
321,Mastic Beach,40.7668,-72.8521,73.13,88,1,1.01,US,1628322099
322,Owando,-0.4819,15.8999,82.94,58,92,6.62,CG,1628322099
323,Lethem,3.3803,-59.7968,72.46,93,47,2.08,GY,1628322099
324,Sokodé,8.9833,1.1333,72.54,92,99,6.06,TG,1628322100
325,Suntar,62.1444,117.6319,70.57,64,100,10.49,RU,1628322100
326,Mount Isa,-20.7333,139.5,74.97,14,0,11.5,AU,1628321930
327,Abhā,18.2164,42.5053,79.05,34,20,4.61,SA,1628321821
328,Port Hedland,-20.3167,118.5667,78.85,31,1,16.11,AU,1628322101
329,Eidfjord,60.4675,7.0719,61.59,63,100,14.2,NO,1628322101
330,Yerbogachën,61.2767,108.0108,71.92,31,88,9.26,RU,1628322102
331,Vardø,70.3705,31.1107,55.8,79,67,13,NO,1628322102
332,Meulaboh,4.1363,96.1285,86.49,65,59,9.6,ID,1628322102
333,Ahipara,-35.1667,173.1667,55.76,81,25,14.18,NZ,1628322103
334,Pochutla,15.7432,-96.4661,75.81,93,98,3.27,MX,1628322103
335,Bethel,41.3712,-73.414,71.67,86,1,0,US,1628322103
336,Fujin,47.26,132.0322,71.11,85,100,4.94,CN,1628322104
337,Santo Tomas,14.1079,121.1414,90.54,57,45,10.94,PH,1628322104
338,Nicoya,10.1483,-85.452,74.3,93,100,3.29,CR,1628322105
339,Port Moresby,-9.4431,147.1797,76.42,83,75,17.27,PG,1628322105
341,Sechura,-5.5569,-80.8222,62.6,89,9,8.23,PE,1628322106
342,Chickasha,35.0526,-97.9364,78.96,69,1,13.8,US,1628322106
343,Belle Fourche,44.6714,-103.8522,72.91,80,7,5.55,US,1628322106
344,Tāttayyangārpettai,11.1333,78.45,94.35,46,98,8.88,IN,1628322107
345,Nishihara,26.1842,127.7558,85.66,89,90,20.71,JP,1628322107
346,Kieta,-6.2167,155.6333,80.38,82,84,8.52,PG,1628322107
347,Baracoa,20.3467,-74.4958,81.79,72,100,7.94,CU,1628322108
348,Verkhnyaya Inta,65.9811,60.3094,51.85,91,100,7.14,RU,1628322108
349,Mīzan Teferī,6.9833,35.5833,77.18,50,16,2.55,ET,1628322108
350,Duncan,34.5023,-97.9578,78.85,75,1,11.5,US,1628322109
351,Rāvar,31.2656,56.8055,92.57,12,3,9.22,IR,1628322109
352,Neftçala,39.3742,49.2472,89.15,48,0,13.33,AZ,1628322110
353,Labuan,5.2767,115.2417,91.76,62,20,4.61,MY,1628322110
354,Fukuechō,32.6881,128.8419,88.16,79,40,9.22,JP,1628322110
355,Longyearbyen,78.2186,15.6401,46.24,87,40,3.44,SJ,1628321999
356,Caravelas,-17.7125,-39.2481,66.92,80,80,7.16,BR,1628322111
357,Bedford,52.1346,-0.4663,61.81,86,99,15.1,GB,1628321966
358,Faanui,-16.4833,-151.75,78.71,69,46,9.66,PF,1628321926
359,Ashland,40.8167,-82.2665,68.99,87,100,4.72,US,1628322024
360,Lagoa,39.05,-27.9833,68.95,66,100,14.34,PT,1628322112
361,Mossamedes,-15.1961,12.1522,63.23,94,20,0,AO,1628322112
362,Yulara,-25.2406,130.9889,67.84,22,0,10.36,AU,1628321927
364,Hofn,64.2539,-15.2082,53.98,79,97,6.4,IS,1628321946
365,Kyabé,9.4515,18.9449,77.81,82,100,2.51,TD,1628322113
366,Zhangaözen,43.3,52.8,102.92,9,0,8.39,KZ,1628322113
367,Mackenzie,55.2999,-123.1698,55.62,71,90,5.75,CA,1628322114
368,Sørland,67.667,12.6934,68.07,83,83,15.77,NO,1628322114
369,Uddevalla,58.3478,11.9424,65.32,75,100,1.01,SE,1628322115
370,Tiksi,71.6872,128.8694,49.86,73,100,2.44,RU,1628322115
371,Maryville,35.7565,-83.9705,74.14,89,100,1.68,US,1628321934
372,Yangi Marg`ilon,40.4272,71.7189,92.12,21,0,6.91,UZ,1628322115
373,Mount Gambier,-37.8333,140.7667,53.51,76,40,8.05,AU,1628322116
374,Kindu,-2.95,25.95,89.55,41,71,2.73,CD,1628322116
375,Bourail,-21.5667,165.4833,65.14,70,100,7.34,NC,1628322117
376,Zirándaro de los Chávez,18.45,-100.9833,72.28,98,96,1.07,MX,1628322117
377,Tateyama,34.9833,139.8667,84.22,85,100,11.03,JP,1628322117
378,Tambura,5.6,27.4667,80.74,67,98,4.74,SS,1628322118
379,Adré,13.4667,22.2,75.87,70,100,16.55,TD,1628322118
380,Sunrise Manor,36.2111,-115.0731,92.71,8,1,3.44,US,1628322118
381,Lavrentiya,65.5833,-171,44.33,78,99,14.85,RU,1628322119
382,Alofi,-19.0595,-169.9187,73.29,83,2,6.91,NU,1628322119
383,Ulladulla,-35.35,150.4667,59.9,89,6,5.14,AU,1628322119
384,Koshurnikovo,54.1667,93.3,69.89,66,96,5.26,RU,1628322120
385,Shingū,33.7333,135.9833,88.79,84,100,11.72,JP,1628322120
386,Bay Roberts,47.5999,-53.2648,71.33,96,100,5.01,CA,1628322121
387,Brigantine,39.4101,-74.3646,73,91,1,0,US,1628322121
388,Bobrov,51.0961,40.0333,87.44,23,43,14.94,RU,1628322121
389,Auray,47.6703,-2.9918,62.8,88,17,18.41,FR,1628322122
390,Kununurra,-15.7667,128.7333,82.38,14,8,9.22,AU,1628321832
391,Ubari,26.5921,12.7805,98.24,9,0,11.56,LY,1628322122
395,Doha,25.2867,51.5333,109.38,27,0,3.44,QA,1628321999
396,Kimbe,-5.5502,150.1429,78.22,87,29,4.97,PG,1628322124
397,Bandarbeyla,9.4942,50.8122,88.47,45,100,24.9,SO,1628322124
398,San Ignacio,17.1561,-89.0714,77.14,94,0,0,BZ,1628322124
399,Diffa,13.3154,12.6113,84.74,57,100,16.42,NE,1628322125
400,Mitzic,0.7821,11.549,70.63,91,100,3.89,GA,1628322125
401,Kismayo,-0.3582,42.5454,80.19,69,34,16.78,SO,1628322125
402,Liepāja,56.5419,21.0367,62.58,94,90,5.75,LV,1628322126
403,Cockburn Town,21.4612,-71.1419,82.53,69,66,14.38,TC,1628322126
404,Altamira,-3.2033,-52.2064,66.69,60,5,1.99,BR,1628322127
405,Honiara,-9.4333,159.95,79.27,80,90,3.22,SB,1628321669
406,Comodoro Rivadavia,-45.8667,-67.5,42.66,39,0,32.21,AR,1628322127
407,Kyra,49.5776,111.9753,76.19,59,50,4.63,RU,1628322127
408,Alekseyevsk,57.8406,108.3492,65.75,71,100,7.16,RU,1628322128
409,Neuquén,-38.9516,-68.0591,44.49,70,0,3.44,AR,1628321871
411,Port-Cartier,50.0334,-66.8654,59.22,66,100,9.53,CA,1628322129
412,Khor,47.8861,134.9464,63.75,98,100,13.6,RU,1628322129
414,Alcamo,37.9983,12.9565,86.02,29,0,3.76,IT,1628322129
415,Ongandjera,-17.8833,15.0667,70.74,21,0,8.59,NA,1628322130
416,Vostok,46.4856,135.8833,66.4,96,100,2.33,RU,1628322130
417,Pattani,6.75,100.4167,89.31,57,100,6.2,TH,1628322130
418,Drumheller,51.4617,-112.7101,63.73,63,100,3.44,CA,1628321897
419,Umba,66.6871,34.3429,60.24,61,21,6.31,RU,1628322131
420,Calca,-13.3333,-71.95,45.16,69,1,2.86,PE,1628322131
421,North Bend,43.4065,-124.2243,61.86,100,90,6.91,US,1628322132
422,Seydi,39.4816,62.9137,105.6,10,0,18.81,TM,1628322132
423,Matiari,25.5961,68.4467,96.8,40,87,17.22,PK,1628322133
424,Sawākin,19.1059,37.3321,100.58,36,15,5.97,SD,1628322133
425,Tinaquillo,9.9186,-68.3047,67.1,95,50,2.04,VE,1628322133
426,Besançon,47.2488,6.0182,63.77,100,100,2.64,FR,1628322134
427,Morros,-9.4467,-46.3003,69.82,55,1,11.36,BR,1628322134
428,Jieshi,22.8134,115.8257,85.17,80,100,20.96,CN,1628322134
430,Kargil,34.5667,76.1,68.4,21,6,3.58,IN,1628322135
432,El Vigia,8.6219,-71.6506,74.08,73,43,4.88,VE,1628322136
433,Weligama,5.9667,80.4167,80.8,85,100,14.09,LK,1628322136
434,Vestmannaeyjar,63.4427,-20.2734,54.68,85,99,12.46,IS,1628322136
435,Boguchany,58.3814,97.4531,83.43,30,9,4.83,RU,1628322137
436,Puerto Escondido,15.85,-97.0667,77.67,89,100,5.08,MX,1628322137
437,Shaoxing,30.011,120.5715,91.35,59,0,10.27,CN,1628322137
439,Oranjemund,-28.55,16.4333,62.8,52,24,4.34,NA,1628322138
440,Saint-Louis,16.3333,-15,80.24,71,14,13.38,SN,1628322138
441,Villazón,-22.0866,-65.5942,36.45,17,7,1.14,BO,1628322139
442,Adrar,20.5022,-10.0711,87.91,39,21,18.28,MR,1628322139
443,Cidreira,-30.1811,-50.2056,58.48,93,90,10.54,BR,1628322140
444,Bonfim,3.0833,-59.95,72.54,93,42,2.35,BR,1628322140
445,Livingston,55.9029,-3.5226,61.59,88,75,5.75,GB,1628322140
446,Tiszakarád,48.2,21.7167,66.31,51,7,7.11,HU,1628322141
447,Elliot,-31.3333,27.85,58.68,18,0,8.57,ZA,1628322141
448,Skibbereen,51.55,-9.2667,57,76,88,20.71,IE,1628322141
449,Aban,56.67,96.06,79.79,43,58,2.84,RU,1628322142
450,Nkoteng,4.5167,12.0333,70.12,94,100,3.27,CM,1628322142
451,Boa Viagem,-5.1275,-39.7322,69.78,71,0,9.86,BR,1628322143
452,Kapit,2.0167,112.9333,95.05,44,79,0.63,MY,1628321948
453,Kavaratti,10.5669,72.642,81.59,77,100,23.8,IN,1628322143
454,Thunder Bay,48.4001,-89.3168,60.78,76,90,10.36,CA,1628321877
455,Saint-Augustin,51.226,-58.6502,60.53,95,39,11.45,CA,1628322144
456,Motygino,58.1831,94.7592,82.15,36,84,3.22,RU,1628322144
458,Biak,-0.9131,122.8766,76.06,88,100,5.41,ID,1628322145
459,Kirakira,-10.4544,161.9205,78.85,83,90,8.05,SB,1628322145
460,Malanje,-9.5402,16.341,74.89,15,5,6.62,AO,1628322145
461,Berbérati,4.2612,15.7922,69.51,94,20,6.91,CF,1628322146
462,Dzhebariki-Khaya,62.2167,135.8,76.42,31,11,8.77,RU,1628322146
463,Xihe,31.6864,113.4659,85.75,75,100,8.95,CN,1628322146
464,Dutse,11.7594,9.3392,79.29,71,99,15.73,NG,1628322147
465,Cap Malheureux,-19.9842,57.6142,75.69,66,46,5.99,MU,1628322147
466,Luanda,-8.8368,13.2343,73.4,83,75,2.3,AO,1628322046
468,Mbandaka,0.0487,18.2603,79.68,64,100,5.44,CD,1628322148
469,Travagliato,45.5191,10.0805,77.76,83,40,9.22,IT,1628322148
470,Safranbolu,41.2508,32.6942,65.93,57,99,6.58,TR,1628322149
471,Tomatlán,19.9333,-105.25,75.11,92,100,3.06,MX,1628322149
472,Russell,32.3502,-85.1999,76.28,91,1,0,US,1628322149
473,Eyl,7.9803,49.8164,89.26,42,11,25.01,SO,1628322150
474,Córdoba,-31.4135,-64.1811,64.6,48,0,12.66,AR,1628322140
475,Belyy Yar,53.6039,91.3903,66.09,88,40,2.24,RU,1628322150
476,Auxerre,47.8,3.5667,62.13,71,100,11.56,FR,1628321950
477,Nieuw Amsterdam,5.8833,-55.0833,77.02,92,82,3.76,SR,1628322151
478,Ilobu,7.8333,4.4833,72.45,93,100,5.61,NG,1628322151
479,Macaravita,6.5057,-72.593,54.03,87,72,4.29,CO,1628322152
480,Burladingen,48.2833,9.1167,64.74,76,100,5.3,DE,1628322152
481,Clonakilty,51.6231,-8.8706,56.41,81,90,21.27,IE,1628322152
482,Tuku,23.6778,120.3926,79.07,97,100,4.9,TW,1628322153
484,Port Hawkesbury,45.6169,-61.3485,67.69,98,90,1.01,CA,1628322153
485,Auchel,50.5034,2.4735,63.01,97,18,15.57,FR,1628322154
486,Makakilo City,21.3469,-158.0858,79.12,63,1,8.05,US,1628322154
487,Anori,-3.7728,-61.6442,76.48,71,99,1.52,BR,1628322155
488,Morondava,-20.2833,44.2833,78.93,36,0,2.01,MG,1628322155
489,Flinders,-34.5833,150.8552,62.2,63,0,7.31,AU,1628321928
490,Iquitos,-3.7481,-73.2472,73.44,100,75,2.3,PE,1628322156
491,Taoudenni,22.6783,-3.9836,98.85,27,56,19.69,ML,1628322156
492,Tutóia,-2.7619,-42.2744,73.35,89,43,7.4,BR,1628322156
493,Beringovskiy,63.05,179.3167,44.4,86,100,24.49,RU,1628322157
494,Egvekinot,66.3167,-179.1667,39.49,82,95,16.89,RU,1628322157
496,Bobrovka,54.047,61.7455,71.02,37,91,12.64,RU,1628322158
497,Yumen,40.2833,97.2,83.41,19,92,16.44,CN,1628322158
498,Garoowe,8.4054,48.4845,88.7,33,15,25.95,SO,1628322158
500,Loudi,27.7344,111.9944,90.12,65,99,3.85,CN,1628322159
501,Bowen,-20.0167,148.2333,71.82,71,2,18.28,AU,1628322159
502,Araouane,18.9048,-3.5265,93.2,35,6,15.23,ML,1628322160
503,Aykhal,66,111.5,63.25,54,19,14.45,RU,1628322160
504,Masuguru,-11.3667,38.4167,85.24,36,2,4.05,TZ,1628322161
505,Tallahassee,30.4383,-84.2807,79.65,96,40,0,US,1628322051
506,Bol'shoye Selo,57.7177,38.9334,64.87,93,100,9.48,RU,1628322161
507,Luwuk,-0.9516,122.7875,77.77,90,100,4.09,ID,1628322161
508,Komatipoort,-25.4332,31.9548,74.05,52,7,8.21,ZA,1628322162
509,Kloulklubed,7.0419,134.2556,79.3,86,100,4.27,PW,1628322162
510,Tete,-16.1564,33.5867,73.49,68,75,8.05,MZ,1628322163
511,Shenjiamen,29.9576,122.298,81.34,83,65,15.82,CN,1628322163
512,Wewak,-3.5534,143.6268,77.83,85,100,0.92,PG,1628322163
513,Hay River,60.8156,-115.7999,62.58,88,20,4.61,CA,1628322122
514,Kumta,14.4167,74.4,81.3,79,71,10.78,IN,1628322164
515,Plettenberg Bay,-34.0527,23.3716,62.73,58,92,3.44,ZA,1628322164
516,Haines Junction,60.7522,-137.5108,51.75,100,100,1.14,CA,1628322165
517,Simbahan,6.3032,120.5836,84.51,72,100,10.4,PH,1628322165
518,Gouré,13.9835,10.2704,84.83,56,37,17.45,NE,1628322165
519,Myitkyina,25.3833,97.4,84.76,88,85,3.29,MM,1628322166
520,Blatná,49.4249,13.8818,72.23,72,45,4.68,CZ,1628322166
521,Jōetsu,37.1483,138.2364,86.36,69,99,2.77,JP,1628322167
522,Kiama,-34.6833,150.8667,60.28,71,0,6.62,AU,1628322167
523,Lazo,43.3817,133.9014,72.37,94,100,3.96,RU,1628322167
524,Lata,40.1629,-8.3327,64.92,74,58,7.07,PT,1628322168
525,Rokytne,51.2796,27.214,58.53,79,100,9.86,UA,1628322168
526,Vangaindrano,-23.35,47.6,73.44,62,0,3.15,MG,1628322168
527,Øksfjord,70.2396,22.3479,66.27,54,68,2.17,NO,1628322169
528,Cochrane,51.1834,-114.4687,60.04,60,90,5.75,CA,1628321910
529,Lamar,33.6668,-95.5836,76.66,87,1,6.91,US,1628321942
530,Salāya,22.3167,69.6,89.65,59,42,12.17,IN,1628322170
531,Serra Branca,-6.5333,-38.2667,67.8,74,19,7.63,BR,1628322170
532,Impfondo,1.6381,18.0667,76.1,79,97,2.77,CG,1628321929
533,Takhtamygda,54.1,123.5667,63.28,88,100,5.84,RU,1628322170
534,Pacifica,37.6138,-122.4869,67.21,93,20,1.99,US,1628322171
535,Port Hardy,50.6996,-127.4199,55.58,100,90,5.75,CA,1628322171
536,Trairi,-3.2778,-39.2689,77.23,54,36,13.98,BR,1628322057
537,Djibo,14.1022,-1.6306,81.59,67,21,15.3,BF,1628322172
538,Palmerston,-12.486,130.9833,87.04,39,0,9.22,AU,1628322172
539,Mezen',65.8522,44.24,63.99,44,79,2.91,RU,1628322172
540,Mapiripán,2.8892,-72.1256,69.19,96,21,2.59,CO,1628322173
541,Mabaruma,8.2,-59.7833,72.82,96,34,0.27,GY,1628322173
542,Wahpeton,46.2652,-96.6059,70.93,60,100,10,US,1628322174
543,Oodweyne,9.4092,45.064,83.03,34,9,21.92,SO,1628322174
544,Zhangye,38.9342,100.4517,79.95,22,100,21.3,CN,1628322174
545,Pedernales,18.0384,-71.744,79.9,74,1,1.92,DO,1628322175
547,Gavrilovka Vtoraya,52.877,42.7663,83.75,30,74,12.68,RU,1628322175
548,Barcelona,41.3888,2.159,80.62,79,40,1.99,ES,1628322072
549,Nagato,34.3833,131.2,89.55,68,2,7.58,JP,1628322176
550,Campina Verde,-19.5356,-49.4864,63.55,53,58,7.38,BR,1628322176
551,Marau,-28.4492,-52.2,56.17,88,98,7.23,BR,1628322059
552,General Roca,-39.0333,-67.5833,45,52,100,10.63,AR,1628322177
553,Jumla,29.2747,82.1838,71.31,79,98,5.17,NP,1628322177
554,Sinor,21.9167,73.3333,86.02,50,75,11.83,IN,1628322178
557,Sindor,62.8629,51.8905,63.12,43,0,7.2,RU,1628322178
559,Codrington,-38.2667,141.9667,51.04,76,81,7.25,AU,1628322179
560,Qaqortoq,60.7167,-46.0333,45.1,70,100,2.33,GL,1628322179
563,Meadow Lake,34.8014,-106.5436,79.65,40,80,1.99,US,1628322180
565,High Level,58.5169,-117.136,59.11,94,75,3.44,CA,1628322133
566,Kaiwaka,-36.1667,174.45,55.69,79,10,10.65,NZ,1628322181
567,Pulilan,14.9333,120.85,90.86,70,61,14.47,PH,1628322181
568,Nabire,-3.3667,135.4833,80.55,85,100,1.63,ID,1628322182
569,Lovozero,68.005,35.0117,66.99,51,7,3.29,RU,1628322182
570,Umm Hājar,13.2954,19.6966,81.19,66,100,13.82,TD,1628322182
571,Kabo,7.6994,18.629,71.94,94,100,0.51,CF,1628322183
572,Tabas,33.5959,56.9244,98.47,11,0,4.97,IR,1628322183
573,Xambioá,-6.4111,-48.5364,72.19,46,35,3.29,BR,1628322184
574,Usinsk,65.9939,57.5281,55.92,68,100,11.59,RU,1628322184
575,Amahai,-3.3333,128.9167,77.63,89,96,6.8,ID,1628322184
576,Rock Springs,41.5875,-109.2029,57.24,53,90,5.01,US,1628322185
577,Yurla,59.3259,54.3223,65.3,48,32,8.5,RU,1628322185
578,Nemuro,43.3236,145.575,84.63,89,14,12.37,JP,1628322186
579,Hearst,49.6835,-83.6665,41.25,97,51,0.09,CA,1628322186
580,Kondratovo,57.9804,56.1066,66.49,59,75,11.18,RU,1628322186
581,Kapoeta,4.7717,33.5903,89.83,32,31,8.79,SS,1628322187
582,Baoqing,46.3317,132.2111,71.87,85,100,5.88,CN,1628322187
